"VPID","APID","GENERIC_NAME","CHEMICAL_NAME","DESC"
"41968511000001100","41935311000001107","Prednisolone 500microgram tablets","Prednisolone","Prednisolone 500microgram tablets (Genesis Pharmaceuticals Ltd)"
"41968511000001100","42162111000001109","Prednisolone 500microgram tablets","Prednisolone","Prednisolone 500microgram tablets (Alliance Healthcare (Distribution) Ltd)"
"41968511000001100","42312211000001106","Prednisolone 500microgram tablets","Prednisolone","Prednisolone 500microgram tablets (A A H Pharmaceuticals Ltd)"
"41968211000001103","41935711000001106","Prednisolone 2mg tablets","Prednisolone","Prednisolone 2mg tablets (Genesis Pharmaceuticals Ltd)"
"41968211000001103","42164411000001106","Prednisolone 2mg tablets","Prednisolone","Prednisolone 2mg tablets (Alliance Healthcare (Distribution) Ltd)"
"41968211000001103","42311211000001104","Prednisolone 2mg tablets","Prednisolone","Prednisolone 2mg tablets (A A H Pharmaceuticals Ltd)"
"41968311000001106","41936211000001105","Prednisolone 3mg tablets","Prednisolone","Prednisolone 3mg tablets (Genesis Pharmaceuticals Ltd)"
"41968311000001106","42164711000001100","Prednisolone 3mg tablets","Prednisolone","Prednisolone 3mg tablets (Alliance Healthcare (Distribution) Ltd)"
"41968311000001106","42311511000001101","Prednisolone 3mg tablets","Prednisolone","Prednisolone 3mg tablets (A A H Pharmaceuticals Ltd)"
"41968411000001104","41936511000001108","Prednisolone 4mg tablets","Prednisolone","Prednisolone 4mg tablets (Genesis Pharmaceuticals Ltd)"
"41968411000001104","42165411000001107","Prednisolone 4mg tablets","Prednisolone","Prednisolone 4mg tablets (Alliance Healthcare (Distribution) Ltd)"
"41968411000001104","42312011000001101","Prednisolone 4mg tablets","Prednisolone","Prednisolone 4mg tablets (A A H Pharmaceuticals Ltd)"
"40306711000001107","40297111000001104","Dexamethasone 10mg soluble tablets sugar free","Dexamethasone","Dexamethasone 10mg soluble tablets sugar free (Aspire Pharma Ltd)"
"40306711000001107","40607211000001105","Dexamethasone 10mg soluble tablets sugar free","Dexamethasone","Dexamethasone 10mg soluble tablets sugar free (A A H Pharmaceuticals Ltd)"
"40306711000001107","40667411000001105","Dexamethasone 10mg soluble tablets sugar free","Dexamethasone","Dexamethasone 10mg soluble tablets sugar free (Alliance Healthcare (Distribution) Ltd)"
"40306811000001104","40297411000001109","Dexamethasone 20mg soluble tablets sugar free","Dexamethasone","Dexamethasone 20mg soluble tablets sugar free (Aspire Pharma Ltd)"
"40306811000001104","40607411000001109","Dexamethasone 20mg soluble tablets sugar free","Dexamethasone","Dexamethasone 20mg soluble tablets sugar free (A A H Pharmaceuticals Ltd)"
"40306811000001104","40667611000001108","Dexamethasone 20mg soluble tablets sugar free","Dexamethasone","Dexamethasone 20mg soluble tablets sugar free (Alliance Healthcare (Distribution) Ltd)"
"35574111000001104","35561711000001107","Dexamethasone 8mg tablets","Dexamethasone","Dexamethasone 8mg tablets (Teva UK Ltd)"
"35574111000001104","35632011000001100","Dexamethasone 8mg tablets","Dexamethasone","Dexamethasone 8mg tablets (A A H Pharmaceuticals Ltd)"
"34796811000001100","34789811000001105","Dexamethasone 40mg tablets","Dexamethasone","Neofordex 40mg tablets (Aspire Pharma Ltd)"
"42082111000001103","33497811000001107","Dexamethasone 4mg tablets","Dexamethasone","Dexamethasone 4mg tablets (Krka UK Ltd)"
"42082111000001103","33557411000001107","Dexamethasone 4mg tablets","Dexamethasone","Dexamethasone 4mg tablets (A A H Pharmaceuticals Ltd)"
"42082111000001103","34464111000001106","Dexamethasone 4mg tablets","Dexamethasone","Dexamethasone 4mg tablets (Alliance Healthcare (Distribution) Ltd)"
"42082111000001103","35560411000001105","Dexamethasone 4mg tablets","Dexamethasone","Dexamethasone 4mg tablets (Teva UK Ltd)"
"42082111000001103","37236811000001109","Dexamethasone 4mg tablets","Dexamethasone","Dexamethasone 4mg tablets (DE Pharmaceuticals)"
"42082111000001103","37628711000001102","Dexamethasone 4mg tablets","Dexamethasone","Dexamethasone 4mg tablets (Advanz Pharma)"
"42082111000001103","37743911000001104","Dexamethasone 4mg tablets","Dexamethasone","Dexamethasone 4mg tablets (CST Pharma Ltd)"
"42082111000001103","38867411000001100","Dexamethasone 4mg tablets","Dexamethasone","Dexamethasone 4mg tablets (Medihealth (Northern) Ltd)"
"42082111000001103","39013111000001100","Dexamethasone 4mg tablets","Dexamethasone","Decadron 4mg tablets (CST Pharma Ltd)"
"32781411000001102","32774411000001107","Prednisolone 30mg tablets","Prednisolone","Prednisolone 30mg tablets (Accord-UK Ltd)"
"32781411000001102","32776711000001105","Prednisolone 30mg tablets","Prednisolone","Prednisolone 30mg tablets (A A H Pharmaceuticals Ltd)"
"32781411000001102","39173511000001107","Prednisolone 30mg tablets","Prednisolone","Prednisolone 30mg tablets (Medihealth (Northern) Ltd)"
"32611811000001105","32584711000001105","Prednisolone 1mg gastro-resistant tablets","Prednisolone","Prednisolone 1mg gastro-resistant tablets (Phoenix Labs Ltd)"
"32611811000001105","33425811000001105","Prednisolone 1mg gastro-resistant tablets","Prednisolone","Prednisolone 1mg gastro-resistant tablets (A A H Pharmaceuticals Ltd)"
"32611811000001105","33428411000001103","Prednisolone 1mg gastro-resistant tablets","Prednisolone","Prednisolone 1mg gastro-resistant tablets (Alliance Healthcare (Distribution) Ltd)"
"32611811000001105","37130011000001104","Prednisolone 1mg gastro-resistant tablets","Prednisolone","Prednisolone 1mg gastro-resistant tablets (Mawdsley-Brooks & Company Ltd)"
"32611811000001105","37778311000001107","Prednisolone 1mg gastro-resistant tablets","Prednisolone","Prednisolone 1mg gastro-resistant tablets (DE Pharmaceuticals)"
"32071811000001109","31959911000001105","Dexamethasone 2mg soluble tablets sugar free","Dexamethasone","Dexamethasone 2mg soluble tablets sugar free (Glenmark Pharmaceuticals Europe Ltd)"
"32071811000001109","32400911000001106","Dexamethasone 2mg soluble tablets sugar free","Dexamethasone","Dexamethasone 2mg soluble tablets sugar free (A A H Pharmaceuticals Ltd)"
"32071811000001109","32418411000001103","Dexamethasone 2mg soluble tablets sugar free","Dexamethasone","Dexamethasone 2mg soluble tablets sugar free (Alliance Healthcare (Distribution) Ltd)"
"32071811000001109","34743111000001109","Dexamethasone 2mg soluble tablets sugar free","Dexamethasone","Glensoludex 2mg soluble tablets (Glenmark Pharmaceuticals Europe Ltd)"
"32071811000001109","37602611000001104","Dexamethasone 2mg soluble tablets sugar free","Dexamethasone","Dexamethasone 2mg soluble tablets sugar free (DE Pharmaceuticals)"
"32072011000001106","31961311000001100","Dexamethasone 8mg soluble tablets sugar free","Dexamethasone","Dexamethasone 8mg soluble tablets sugar free (Glenmark Pharmaceuticals Europe Ltd)"
"32072011000001106","32401311000001100","Dexamethasone 8mg soluble tablets sugar free","Dexamethasone","Dexamethasone 8mg soluble tablets sugar free (A A H Pharmaceuticals Ltd)"
"32072011000001106","32418811000001101","Dexamethasone 8mg soluble tablets sugar free","Dexamethasone","Dexamethasone 8mg soluble tablets sugar free (Alliance Healthcare (Distribution) Ltd)"
"32072011000001106","34743611000001101","Dexamethasone 8mg soluble tablets sugar free","Dexamethasone","Glensoludex 8mg soluble tablets (Glenmark Pharmaceuticals Europe Ltd)"
"32072011000001106","37603011000001102","Dexamethasone 8mg soluble tablets sugar free","Dexamethasone","Dexamethasone 8mg soluble tablets sugar free (DE Pharmaceuticals)"
"32071911000001104","31961811000001109","Dexamethasone 4mg soluble tablets sugar free","Dexamethasone","Dexamethasone 4mg soluble tablets sugar free (Glenmark Pharmaceuticals Europe Ltd)"
"32071911000001104","32401111000001102","Dexamethasone 4mg soluble tablets sugar free","Dexamethasone","Dexamethasone 4mg soluble tablets sugar free (A A H Pharmaceuticals Ltd)"
"32071911000001104","32418611000001100","Dexamethasone 4mg soluble tablets sugar free","Dexamethasone","Dexamethasone 4mg soluble tablets sugar free (Alliance Healthcare (Distribution) Ltd)"
"32071911000001104","34743411000001104","Dexamethasone 4mg soluble tablets sugar free","Dexamethasone","Glensoludex 4mg soluble tablets (Glenmark Pharmaceuticals Europe Ltd)"
"32071911000001104","37602811000001100","Dexamethasone 4mg soluble tablets sugar free","Dexamethasone","Dexamethasone 4mg soluble tablets sugar free (DE Pharmaceuticals)"
"31141511000001103","31138811000001105","Dexamethasone 400microgram capsules","Dexamethasone","Dexamethasone 400microgram capsules (Special Order)"
"29904211000001102","29879111000001105","Prednisolone 10mg/ml oral solution sugar free","Prednisolone","Prednisolone 10mg/ml oral solution sugar free (Advanz Pharma)"
"29904211000001102","30129111000001103","Prednisolone 10mg/ml oral solution sugar free","Prednisolone","Prednisolone 10mg/ml oral solution sugar free (A A H Pharmaceuticals Ltd)"
"29904211000001102","37778511000001101","Prednisolone 10mg/ml oral solution sugar free","Prednisolone","Prednisolone 10mg/ml oral solution sugar free (DE Pharmaceuticals)"
"29904211000001102","37941611000001100","Prednisolone 10mg/ml oral solution sugar free","Prednisolone","Prednisolone 10mg/ml oral solution sugar free (Alliance Healthcare (Distribution) Ltd)"
"29904211000001102","39174011000001102","Prednisolone 10mg/ml oral solution sugar free","Prednisolone","Prednisolone 10mg/ml oral solution sugar free (Medihealth (Northern) Ltd)"
"29904211000001102","40435311000001104","Prednisolone 10mg/ml oral solution sugar free","Prednisolone","Prednisolone 10mg/ml oral solution sugar free (Aerona Clinical Ltd)"
"29424511000001109","29361211000001105","Prednisolone 5mg/5ml oral solution unit dose","Prednisolone","Prednisolone 5mg/5ml oral solution unit dose (Logixx Pharma Solutions Ltd)"
"29424511000001109","29559211000001100","Prednisolone 5mg/5ml oral solution unit dose","Prednisolone","Prednisolone 5mg/5ml oral solution unit dose (A A H Pharmaceuticals Ltd)"
"29424511000001109","32688311000001106","Prednisolone 5mg/5ml oral solution unit dose","Prednisolone","Prednisolone 5mg/5ml oral solution unit dose (Alliance Healthcare (Distribution) Ltd)"
"28881311000001104","28877111000001101","Dexamethasone 20mg/5ml oral solution sugar free","Dexamethasone","Dexamethasone 20mg/5ml oral solution sugar free (Advanz Pharma)"
"28881311000001104","29224011000001100","Dexamethasone 20mg/5ml oral solution sugar free","Dexamethasone","Dexamethasone 20mg/5ml oral solution sugar free (A A H Pharmaceuticals Ltd)"
"28881311000001104","39991711000001108","Dexamethasone 20mg/5ml oral solution sugar free","Dexamethasone","Dexamethasone 20mg/5ml oral solution sugar free (Synchrony Pharma Ltd)"
"28808611000001100","28798211000001102","Prednisolone 2.5mg tablets","Prednisolone","Pevanti 2.5mg tablets (Advanz Pharma)"
"28808611000001100","32772911000001108","Prednisolone 2.5mg tablets","Prednisolone","Prednisolone 2.5mg tablets (Accord-UK Ltd)"
"28808611000001100","32776111000001109","Prednisolone 2.5mg tablets","Prednisolone","Prednisolone 2.5mg tablets (A A H Pharmaceuticals Ltd)"
"28808611000001100","39172911000001107","Prednisolone 2.5mg tablets","Prednisolone","Prednisolone 2.5mg tablets (Medihealth (Northern) Ltd)"
"28808411000001103","28799311000001104","Prednisolone 10mg tablets","Prednisolone","Pevanti 10mg tablets (Advanz Pharma)"
"28808411000001103","32771211000001106","Prednisolone 10mg tablets","Prednisolone","Prednisolone 10mg tablets (Accord-UK Ltd)"
"28808411000001103","32776311000001106","Prednisolone 10mg tablets","Prednisolone","Prednisolone 10mg tablets (A A H Pharmaceuticals Ltd)"
"28808411000001103","39169811000001100","Prednisolone 10mg tablets","Prednisolone","Prednisolone 10mg tablets (Medihealth (Northern) Ltd)"
"28808711000001109","28799611000001109","Prednisolone 20mg tablets","Prednisolone","Pevanti 20mg tablets (Advanz Pharma)"
"28808711000001109","32773211000001105","Prednisolone 20mg tablets","Prednisolone","Prednisolone 20mg tablets (Accord-UK Ltd)"
"28808711000001109","32776511000001100","Prednisolone 20mg tablets","Prednisolone","Prednisolone 20mg tablets (A A H Pharmaceuticals Ltd)"
"28808711000001109","39888311000001108","Prednisolone 20mg tablets","Prednisolone","Prednisolone 20mg tablets (Medihealth (Northern) Ltd)"
"24580511000001101","24569711000001102","Dexamethasone 10mg capsules","Dexamethasone","Dexamethasone 10mg capsules (Special Order)"
"24350911000001102","24343211000001103","Dexamethasone 10mg/5ml oral solution sugar free","Dexamethasone","Dexamethasone 10mg/5ml oral solution sugar free (Rosemont Pharmaceuticals Ltd)"
"24350911000001102","24416211000001107","Dexamethasone 10mg/5ml oral solution sugar free","Dexamethasone","Dexamethasone 10mg/5ml oral solution sugar free (A A H Pharmaceuticals Ltd)"
"24350911000001102","24421311000001102","Dexamethasone 10mg/5ml oral solution sugar free","Dexamethasone","Dexamethasone 10mg/5ml oral solution sugar free (Alliance Healthcare (Distribution) Ltd)"
"24350911000001102","28876811000001106","Dexamethasone 10mg/5ml oral solution sugar free","Dexamethasone","Dexamethasone 10mg/5ml oral solution sugar free (Advanz Pharma)"
"24350911000001102","29803311000001100","Dexamethasone 10mg/5ml oral solution sugar free","Dexamethasone","Dexamethasone 10mg/5ml oral solution sugar free (Sigma Pharmaceuticals Plc)"
"24350911000001102","39991511000001103","Dexamethasone 10mg/5ml oral solution sugar free","Dexamethasone","Dexamethasone 10mg/5ml oral solution sugar free (Synchrony Pharma Ltd)"
"17872811000001100","17872911000001105","Prednisone 1mg modified-release tablets","Prednisone","Lodotra 1mg modified-release tablets (Napp Pharmaceuticals Ltd)"
"17873211000001107","17873311000001104","Prednisone 2mg modified-release tablets","Prednisone","Lodotra 2mg modified-release tablets (Napp Pharmaceuticals Ltd)"
"17873811000001108","17873911000001103","Prednisone 5mg modified-release tablets","Prednisone","Lodotra 5mg modified-release tablets (Napp Pharmaceuticals Ltd)"
"14204411000001101","14173111000001101","Prednisolone 1.67mg/5ml oral solution","Prednisolone","Prednisolone 1.67mg/5ml oral solution (Special Order)"
"14204511000001102","14173511000001105","Prednisolone 1.67mg/5ml oral suspension","Prednisolone","Prednisolone 1.67mg/5ml oral suspension (Special Order)"
"42087411000001106","13120111000001109","Prednisolone 5mg/5ml oral suspension","Prednisolone","Prednisolone 5mg/5ml oral suspension (Special Order)"
"13133111000001100","13120411000001104","Prednisolone 5mg/5ml oral solution","Prednisolone","Prednisolone 5mg/5ml oral solution (Special Order)"
"13078411000001108","13053211000001103","Prednisolone 1.5mg/5ml oral suspension","Prednisolone","Prednisolone 1.5mg/5ml oral suspension (Special Order)"
"13078311000001101","13053711000001105","Prednisolone 1.5mg/5ml oral solution","Prednisolone","Prednisolone 1.5mg/5ml oral solution (Special Order)"
"13078611000001106","13054411000001101","Prednisolone 10mg/5ml oral suspension","Prednisolone","Prednisolone 10mg/5ml oral suspension (Special Order)"
"42086511000001108","13054711000001107","Prednisolone 10mg/5ml oral solution","Prednisolone","Prednisolone 10mg/5ml oral solution (Special Order)"
"42086711000001103","13055311000001107","Prednisolone 15mg/5ml oral suspension","Prednisolone","Prednisolone 15mg/5ml oral suspension (Special Order)"
"42086611000001107","13055911000001108","Prednisolone 15mg/5ml oral solution","Prednisolone","Prednisolone 15mg/5ml oral solution (Special Order)"
"13079011000001109","13056211000001105","Prednisolone 1mg/5ml oral suspension","Prednisolone","Prednisolone 1mg/5ml oral suspension (Special Order)"
"13078911000001100","13056511000001108","Prednisolone 1mg/5ml oral solution","Prednisolone","Prednisolone 1mg/5ml oral solution (Special Order)"
"13079211000001104","13056811000001106","Prednisolone 2.5mg/5ml oral suspension","Prednisolone","Prednisolone 2.5mg/5ml oral suspension (Special Order)"
"13079111000001105","13057411000001106","Prednisolone 2.5mg/5ml oral solution","Prednisolone","Prednisolone 2.5mg/5ml oral solution (Special Order)"
"13079411000001100","13058011000001101","Prednisolone 20mg/5ml oral suspension","Prednisolone","Prednisolone 20mg/5ml oral suspension (Special Order)"
"13079311000001107","13058311000001103","Prednisolone 20mg/5ml oral solution","Prednisolone","Prednisolone 20mg/5ml oral solution (Special Order)"
"13079611000001102","13058611000001108","Prednisolone 25mg/5ml oral suspension","Prednisolone","Prednisolone 25mg/5ml oral suspension (Special Order)"
"13079511000001101","13058911000001102","Prednisolone 25mg/5ml oral solution","Prednisolone","Prednisolone 25mg/5ml oral solution (Special Order)"
"11714611000001101","11684111000001104","Dexamethasone 1.25mg/5ml oral suspension","Dexamethasone","Dexamethasone 1.25mg/5ml oral suspension (Special Order)"
"11714511000001100","11684711000001103","Dexamethasone 1.25mg/5ml oral solution","Dexamethasone","Dexamethasone 1.25mg/5ml oral solution (Special Order)"
"11714811000001102","11685011000001101","Dexamethasone 1.5mg/5ml oral suspension","Dexamethasone","Dexamethasone 1.5mg/5ml oral suspension (Special Order)"
"11714711000001105","11685311000001103","Dexamethasone 1.5mg/5ml oral solution","Dexamethasone","Dexamethasone 1.5mg/5ml oral solution (Special Order)"
"11714911000001107","11685611000001108","Dexamethasone 10mg/5ml oral suspension","Dexamethasone","Dexamethasone 10mg/5ml oral suspension (Special Order)"
"11715111000001108","11686511000001102","Dexamethasone 14mg/5ml oral suspension","Dexamethasone","Dexamethasone 14mg/5ml oral suspension (Special Order)"
"11715011000001107","11687111000001109","Dexamethasone 14mg/5ml oral solution","Dexamethasone","Dexamethasone 14mg/5ml oral solution (Special Order)"
"11715311000001105","11687711000001105","Dexamethasone 16.7mg/5ml oral suspension","Dexamethasone","Dexamethasone 16.7mg/5ml oral suspension (Special Order)"
"11715211000001102","11688011000001109","Dexamethasone 16.7mg/5ml oral solution","Dexamethasone","Dexamethasone 16.7mg/5ml oral solution (Special Order)"
"11715511000001104","11688611000001102","Dexamethasone 16mg/5ml oral suspension","Dexamethasone","Dexamethasone 16mg/5ml oral suspension (Special Order)"
"11715411000001103","11689211000001109","Dexamethasone 16mg/5ml oral solution","Dexamethasone","Dexamethasone 16mg/5ml oral solution (Special Order)"
"11715711000001109","11689511000001107","Dexamethasone 20mg/5ml oral suspension","Dexamethasone","Dexamethasone 20mg/5ml oral suspension (Special Order)"
"11715611000001100","11690111000001109","Dexamethasone 20mg/5ml oral solution","Dexamethasone","Dexamethasone 20mg/5ml oral solution (Special Order)"
"11715911000001106","11690411000001104","Dexamethasone 250micrograms/5ml oral suspension","Dexamethasone","Dexamethasone 250micrograms/5ml oral suspension (Special Order)"
"11715811000001101","11691011000001104","Dexamethasone 250micrograms/5ml oral solution","Dexamethasone","Dexamethasone 250micrograms/5ml oral solution (Special Order)"
"11716111000001102","11691411000001108","Dexamethasone 2mg/5ml oral suspension","Dexamethasone","Dexamethasone 2mg/5ml oral suspension (Special Order)"
"11716011000001103","11691911000001100","Dexamethasone 2mg/5ml oral solution","Dexamethasone","Dexamethasone 2mg/5ml oral solution (Special Order)"
"11716311000001100","11692211000001102","Dexamethasone 3mg/5ml oral suspension","Dexamethasone","Dexamethasone 3mg/5ml oral suspension (Special Order)"
"11716211000001108","11692611000001100","Dexamethasone 3mg/5ml oral solution","Dexamethasone","Dexamethasone 3mg/5ml oral solution (Special Order)"
"11716511000001106","11693111000001102","Dexamethasone 4mg/5ml oral suspension","Dexamethasone","Dexamethasone 4mg/5ml oral suspension (Special Order)"
"11716411000001107","11693411000001107","Dexamethasone 4mg/5ml oral solution","Dexamethasone","Dexamethasone 4mg/5ml oral solution (Special Order)"
"11716711000001101","11693711000001101","Dexamethasone 6mg/5ml oral suspension","Dexamethasone","Dexamethasone 6mg/5ml oral suspension (Special Order)"
"11716611000001105","11694011000001101","Dexamethasone 6mg/5ml oral solution","Dexamethasone","Dexamethasone 6mg/5ml oral solution (Special Order)"
"11716911000001104","11694311000001103","Dexamethasone 8mg/5ml oral suspension","Dexamethasone","Dexamethasone 8mg/5ml oral suspension (Special Order)"
"11716811000001109","11694611000001108","Dexamethasone 8mg/5ml oral solution","Dexamethasone","Dexamethasone 8mg/5ml oral solution (Special Order)"
"11612111000001109","11602311000001108","Dexamethasone 10mg/5ml oral solution","Dexamethasone","Dexamethasone 10mg/5ml oral solution (Special Order)"
"42087611000001109","11386511000001109","Prednisone 1mg tablets","Prednisone","Decortin 1mg tablets (Imported (Germany))"
"42087811000001108","11387011000001103","Prednisone 5mg tablets","Prednisone","Decortin 5mg tablets (Imported (Germany))"
"42087711000001100","11387311000001100","Prednisone 50mg tablets","Prednisone","Decortin 50mg tablets (Imported (Germany))"
"8792611000001104","8747511000001109","Dexamethasone 100microgram capsules","Dexamethasone","Dexamethasone 100microgram capsules (Special Order)"
"8672011000001109","8651111000001103","Prednisolone 2mg/5ml oral suspension","Prednisolone","Prednisolone 2mg/5ml oral suspension (Special Order)"
"8452111000001106","8432311000001107","Dexamethasone 2.5mg/5ml oral solution","Dexamethasone","Dexamethasone 2.5mg/5ml oral solution (Special Order)"
"8452411000001101","8432811000001103","Dexamethasone 5mg/5ml oral solution","Dexamethasone","Dexamethasone 5mg/5ml oral solution (Special Order)"
"42082311000001101","8433011000001100","Dexamethasone 500micrograms/5ml oral solution","Dexamethasone","Dexamethasone 500micrograms/5ml oral solution (Special Order)"
"8452211000001100","8432911000001108","Dexamethasone 2.5mg/5ml oral suspension","Dexamethasone","Dexamethasone 2.5mg/5ml oral suspension (Special Order)"
"8452511000001102","8433511000001108","Dexamethasone 5mg/5ml oral suspension","Dexamethasone","Dexamethasone 5mg/5ml oral suspension (Special Order)"
"8452311000001108","8434811000001109","Dexamethasone 500micrograms/5ml oral suspension","Dexamethasone","Dexamethasone 500micrograms/5ml oral suspension (Special Order)"
"8429111000001103","8422611000001104","Dexamethasone 1mg/5ml oral solution","Dexamethasone","Dexamethasone 1mg/5ml oral solution (Special Order)"
"8429011000001104","8423211000001107","Dexamethasone 1mg/5ml oral suspension","Dexamethasone","Dexamethasone 1mg/5ml oral suspension (Special Order)"
"8429311000001101","8423711000001100","Dexamethasone 100micrograms/5ml oral solution","Dexamethasone","Dexamethasone 100micrograms/5ml oral solution (Special Order)"
"8428911000001108","8424011000001100","Dexamethasone 200micrograms/5ml oral solution","Dexamethasone","Dexamethasone 200micrograms/5ml oral solution (Special Order)"
"8429211000001109","8424611000001107","Dexamethasone 100micrograms/5ml oral suspension","Dexamethasone","Dexamethasone 100micrograms/5ml oral suspension (Special Order)"
"8428811000001103","8424411000001109","Dexamethasone 200micrograms/5ml oral suspension","Dexamethasone","Dexamethasone 200micrograms/5ml oral suspension (Special Order)"
"42087111000001101","4752611000001107","Prednisolone 50mg tablets","Prednisolone","Prednisolone 50mg tablets (A A H Pharmaceuticals Ltd)"
"42087111000001101","4752811000001106","Prednisolone 50mg tablets","Prednisolone","Prednisolone 50mg tablets (Approved Prescription Services Ltd)"
"37084211000001103","3851611000001100","Dexamethasone 2mg/5ml oral solution sugar free","Dexamethasone","Dexsol 2mg/5ml oral solution (Rosemont Pharmaceuticals Ltd)"
"37084211000001103","10528411000001108","Dexamethasone 2mg/5ml oral solution sugar free","Dexamethasone","Dexamethasone 2mg/5ml oral solution sugar free (Waymade Healthcare Plc)"
"37084211000001103","19792911000001107","Dexamethasone 2mg/5ml oral solution sugar free","Dexamethasone","Martapan 2mg/5ml oral solution (Martindale Pharmaceuticals Ltd)"
"37084211000001103","21926211000001105","Dexamethasone 2mg/5ml oral solution sugar free","Dexamethasone","Dexamethasone 2mg/5ml oral solution sugar free (A A H Pharmaceuticals Ltd)"
"37084211000001103","22404911000001102","Dexamethasone 2mg/5ml oral solution sugar free","Dexamethasone","Dexamethasone 2mg/5ml oral solution sugar free (Advanz Pharma)"
"37084211000001103","23590911000001106","Dexamethasone 2mg/5ml oral solution sugar free","Dexamethasone","Dexamethasone 2mg/5ml oral solution sugar free (Waymade Healthcare Plc)"
"37084211000001103","23968311000001104","Dexamethasone 2mg/5ml oral solution sugar free","Dexamethasone","Dexamethasone 2mg/5ml oral solution sugar free (DE Pharmaceuticals)"
"37084211000001103","24648711000001107","Dexamethasone 2mg/5ml oral solution sugar free","Dexamethasone","Dexamethasone 2mg/5ml oral solution sugar free (Teva UK Ltd)"
"37084211000001103","29803511000001106","Dexamethasone 2mg/5ml oral solution sugar free","Dexamethasone","Dexamethasone 2mg/5ml oral solution sugar free (Sigma Pharmaceuticals Plc)"
"37084211000001103","37956811000001109","Dexamethasone 2mg/5ml oral solution sugar free","Dexamethasone","Dexamethasone 2mg/5ml oral solution sugar free (Wockhardt UK Ltd)"
"37084211000001103","38718211000001102","Dexamethasone 2mg/5ml oral solution sugar free","Dexamethasone","Dexamethasone 2mg/5ml oral solution sugar free (Thame Laboratories Ltd)"
"37084211000001103","38867611000001102","Dexamethasone 2mg/5ml oral solution sugar free","Dexamethasone","Dexamethasone 2mg/5ml oral solution sugar free (Medihealth (Northern) Ltd)"
"37084211000001103","41114711000001103","Dexamethasone 2mg/5ml oral solution sugar free","Dexamethasone","Dexamethasone 2mg/5ml oral solution sugar free (Martindale Pharmaceuticals Ltd)"
"42082211000001109","3286511000001105","Dexamethasone 500microgram tablets","Dexamethasone","Dexamethasone 500microgram tablets (A A H Pharmaceuticals Ltd)"
"42082211000001109","3286911000001103","Dexamethasone 500microgram tablets","Dexamethasone","Decadron 500microgram tablets (Organon Pharma (UK) Ltd)"
"42082211000001109","3287811000001105","Dexamethasone 500microgram tablets","Dexamethasone","Dexamethasone 500microgram tablets (Organon Laboratories Ltd)"
"42082211000001109","3288811000001109","Dexamethasone 500microgram tablets","Dexamethasone","Dexamethasone 500microgram tablets (Alliance Healthcare (Distribution) Ltd)"
"42082211000001109","15245611000001104","Dexamethasone 500microgram tablets","Dexamethasone","Dexamethasone 500microgram tablets (Essential Generics Ltd)"
"42082211000001109","24672711000001108","Dexamethasone 500microgram tablets","Dexamethasone","Dexamethasone 500microgram tablets (Teva UK Ltd)"
"42082211000001109","29803711000001101","Dexamethasone 500microgram tablets","Dexamethasone","Dexamethasone 500microgram tablets (Sigma Pharmaceuticals Plc)"
"42082211000001109","30047811000001109","Dexamethasone 500microgram tablets","Dexamethasone","Dexamethasone 500microgram tablets (DE Pharmaceuticals)"
"42082211000001109","32064711000001105","Dexamethasone 500microgram tablets","Dexamethasone","Dexamethasone 500microgram tablets (Aspire Pharma Ltd)"
"42082211000001109","35477511000001105","Dexamethasone 500microgram tablets","Dexamethasone","Dexamethasone 500microgram tablets (Krka UK Ltd)"
"42082211000001109","37220711000001102","Dexamethasone 500microgram tablets","Dexamethasone","Dexamethasone 500microgram tablets (Martindale Pharmaceuticals Ltd)"
"42082211000001109","37393311000001107","Dexamethasone 500microgram tablets","Dexamethasone","Dexamethasone 500microgram tablets (Mawdsley-Brooks & Company Ltd)"
"42082211000001109","37690211000001104","Dexamethasone 500microgram tablets","Dexamethasone","Dexamethasone 500microgram tablets (CST Pharma Ltd)"
"42082211000001109","38039211000001104","Dexamethasone 500microgram tablets","Dexamethasone","Dexamethasone 500microgram tablets (Actavis UK Ltd)"
"42082211000001109","39013311000001103","Dexamethasone 500microgram tablets","Dexamethasone","Decadron 500microgram tablets (CST Pharma Ltd)"
"42082211000001109","39299011000001106","Dexamethasone 500microgram tablets","Dexamethasone","Dexamethasone 500microgram tablets (Medihealth (Northern) Ltd)"
"42082211000001109","40938611000001101","Dexamethasone 500microgram tablets","Dexamethasone","Dexamethasone 500microgram tablets (Genesis Pharmaceuticals Ltd)"
"42082211000001109","41561411000001101","Dexamethasone 500microgram tablets","Dexamethasone","Dexamethasone 500microgram tablets (Acium Ltd)"
"42082211000001109","41922411000001106","Dexamethasone 500microgram tablets","Dexamethasone","Dexamethasone 500microgram tablets (Manx Healthcare Ltd)"
"42082011000001104","3290311000001101","Dexamethasone 2mg tablets","Dexamethasone","Dexamethasone 2mg tablets (A A H Pharmaceuticals Ltd)"
"42082011000001104","3291411000001104","Dexamethasone 2mg tablets","Dexamethasone","Dexamethasone 2mg tablets (Aspen Pharma Trading Ltd)"
"42082011000001104","3292011000001100","Dexamethasone 2mg tablets","Dexamethasone","Dexamethasone 2mg tablets (Alliance Healthcare (Distribution) Ltd)"
"42082011000001104","15104911000001100","Dexamethasone 2mg tablets","Dexamethasone","Dexamethasone 2mg tablets (Sigma Pharmaceuticals Plc)"
"42082011000001104","15628711000001100","Dexamethasone 2mg tablets","Dexamethasone","Dexamethasone 2mg tablets (Teva UK Ltd)"
"42082011000001104","17890811000001109","Dexamethasone 2mg tablets","Dexamethasone","Dexamethasone 2mg tablets (Phoenix Healthcare Distribution Ltd)"
"42082011000001104","17967911000001107","Dexamethasone 2mg tablets","Dexamethasone","Dexamethasone 2mg tablets (Almus Pharmaceuticals Ltd)"
"42082011000001104","21925111000001105","Dexamethasone 2mg tablets","Dexamethasone","Dexamethasone 2mg tablets (Waymade Healthcare Plc)"
"42082011000001104","23968511000001105","Dexamethasone 2mg tablets","Dexamethasone","Dexamethasone 2mg tablets (DE Pharmaceuticals)"
"42082011000001104","30809411000001107","Dexamethasone 2mg tablets","Dexamethasone","Dexamethasone 2mg tablets (Mawdsley-Brooks & Company Ltd)"
"42082011000001104","32404811000001106","Dexamethasone 2mg tablets","Dexamethasone","Dexamethasone 2mg tablets (Kent Pharma (UK) Ltd)"
"42082011000001104","33634511000001106","Dexamethasone 2mg tablets","Dexamethasone","Dexamethasone 2mg tablets (Accord-UK Ltd)"
"42082011000001104","34045511000001104","Dexamethasone 2mg tablets","Dexamethasone","Dexamethasone 2mg tablets (Aspire Pharma Ltd)"
"42082011000001104","37221211000001103","Dexamethasone 2mg tablets","Dexamethasone","Dexamethasone 2mg tablets (Martindale Pharmaceuticals Ltd)"
"42082011000001104","38867211000001104","Dexamethasone 2mg tablets","Dexamethasone","Dexamethasone 2mg tablets (Medihealth (Northern) Ltd)"
"42082011000001104","40939211000001108","Dexamethasone 2mg tablets","Dexamethasone","Dexamethasone 2mg tablets (Genesis Pharmaceuticals Ltd)"
"42082011000001104","41561111000001106","Dexamethasone 2mg tablets","Dexamethasone","Dexamethasone 2mg tablets (Acium Ltd)"
"42082011000001104","41922111000001101","Dexamethasone 2mg tablets","Dexamethasone","Dexamethasone 2mg tablets (Manx Healthcare Ltd)"
"42087011000001102","313911000001107","Prednisolone 25mg tablets","Prednisolone","Prednisolone 25mg tablets (Alliance Healthcare (Distribution) Ltd)"
"42087011000001102","716111000001103","Prednisolone 25mg tablets","Prednisolone","Prednisolone 25mg tablets (A A H Pharmaceuticals Ltd)"
"42087011000001102","4852811000001108","Prednisolone 25mg tablets","Prednisolone","Prednisolone 25mg tablets (Zentiva Pharma UK Ltd)"
"42087011000001102","17917211000001102","Prednisolone 25mg tablets","Prednisolone","Prednisolone 25mg tablets (Phoenix Healthcare Distribution Ltd)"
"42087011000001102","28799811000001108","Prednisolone 25mg tablets","Prednisolone","Pevanti 25mg tablets (Advanz Pharma)"
"42087011000001102","30991311000001108","Prednisolone 25mg tablets","Prednisolone","Prednisolone 25mg tablets (Accord-UK Ltd)"
"42087011000001102","37131011000001108","Prednisolone 25mg tablets","Prednisolone","Prednisolone 25mg tablets (Mawdsley-Brooks & Company Ltd)"
"42087011000001102","37778711000001106","Prednisolone 25mg tablets","Prednisolone","Prednisolone 25mg tablets (DE Pharmaceuticals)"
"42087011000001102","39180111000001100","Prednisolone 25mg tablets","Prednisolone","Prednisolone 25mg tablets (Medihealth (Northern) Ltd)"
"42087211000001107","662011000001105","Prednisolone 5mg gastro-resistant tablets","Prednisolone","Prednisolone 5mg gastro-resistant tablets (A A H Pharmaceuticals Ltd)"
"42087211000001107","512811000001108","Prednisolone 5mg gastro-resistant tablets","Prednisolone","Prednisolone 5mg gastro-resistant tablets (Accord-UK Ltd)"
"42087211000001107","447211000001105","Prednisolone 5mg gastro-resistant tablets","Prednisolone","Prednisolone 5mg gastro-resistant tablets (Kent Pharma (UK) Ltd)"
"42087211000001107","331111000001100","Prednisolone 5mg gastro-resistant tablets","Prednisolone","Deltacortril 5mg gastro-resistant tablets (Phoenix Labs Ltd)"
"42087211000001107","255211000001101","Prednisolone 5mg gastro-resistant tablets","Prednisolone","Prednisolone 5mg gastro-resistant tablets (Alliance Healthcare (Distribution) Ltd)"
"42087211000001107","4208911000001103","Prednisolone 5mg gastro-resistant tablets","Prednisolone","Prednisolone 5mg gastro-resistant tablets (Approved Prescription Services Ltd)"
"42087211000001107","13245911000001103","Prednisolone 5mg gastro-resistant tablets","Prednisolone","Prednisolone 5mg gastro-resistant tablets (Dowelhurst Ltd)"
"42087211000001107","15176111000001100","Prednisolone 5mg gastro-resistant tablets","Prednisolone","Prednisolone 5mg gastro-resistant tablets (Sigma Pharmaceuticals Plc)"
"42087211000001107","17916811000001103","Prednisolone 5mg gastro-resistant tablets","Prednisolone","Prednisolone 5mg gastro-resistant tablets (Phoenix Healthcare Distribution Ltd)"
"42087211000001107","17999611000001109","Prednisolone 5mg gastro-resistant tablets","Prednisolone","Prednisolone 5mg gastro-resistant tablets (Phoenix Labs Ltd)"
"42087211000001107","18307211000001104","Prednisolone 5mg gastro-resistant tablets","Prednisolone","Prednisolone 5mg gastro-resistant tablets (Teva UK Ltd)"
"42087211000001107","19743211000001104","Prednisolone 5mg gastro-resistant tablets","Prednisolone","Prednisolone 5mg gastro-resistant tablets (Almus Pharmaceuticals Ltd)"
"42087211000001107","22453011000001108","Prednisolone 5mg gastro-resistant tablets","Prednisolone","Prednisolone 5mg gastro-resistant tablets (Waymade Healthcare Plc)"
"42087211000001107","22520311000001107","Prednisolone 5mg gastro-resistant tablets","Prednisolone","Dilacort 5mg gastro-resistant tablets (Auden McKenzie (Pharma Division) Ltd)"
"42087211000001107","30114311000001108","Prednisolone 5mg gastro-resistant tablets","Prednisolone","Prednisolone 5mg gastro-resistant tablets (DE Pharmaceuticals)"
"42087211000001107","32652511000001109","Prednisolone 5mg gastro-resistant tablets","Prednisolone","Dilacort 5mg gastro-resistant tablets (Crescent Pharma Ltd)"
"42087211000001107","33577911000001102","Prednisolone 5mg gastro-resistant tablets","Prednisolone","Dilacort 5mg gastro-resistant tablets (Teva UK Ltd)"
"42087211000001107","34444511000001106","Prednisolone 5mg gastro-resistant tablets","Prednisolone","Prednisolone 5mg gastro-resistant tablets (Bristol Laboratories Ltd)"
"42087211000001107","37130611000001106","Prednisolone 5mg gastro-resistant tablets","Prednisolone","Prednisolone 5mg gastro-resistant tablets (Mawdsley-Brooks & Company Ltd)"
"42087211000001107","39204911000001106","Prednisolone 5mg gastro-resistant tablets","Prednisolone","Prednisolone 5mg gastro-resistant tablets (Medihealth (Northern) Ltd)"
"42086811000001106","649711000001109","Prednisolone 1mg tablets","Prednisolone","Prednisolone 1mg tablets (A A H Pharmaceuticals Ltd)"
"42086811000001106","646211000001106","Prednisolone 1mg tablets","Prednisolone","Prednisolone 1mg tablets (Accord-UK Ltd)"
"42086811000001106","238511000001107","Prednisolone 1mg tablets","Prednisolone","Prednisolone 1mg tablets (Teva UK Ltd)"
"42086811000001106","798611000001108","Prednisolone 1mg tablets","Prednisolone","Prednisolone 1mg tablets (The Boots Company Plc)"
"42086811000001106","844111000001103","Prednisolone 1mg tablets","Prednisolone","Prednisolone 1mg tablets (Wockhardt UK Ltd)"
"42086811000001106","707911000001100","Prednisolone 1mg tablets","Prednisolone","Prednisolone 1mg tablets (Kent Pharma (UK) Ltd)"
"42086811000001106","52911000001107","Prednisolone 1mg tablets","Prednisolone","Prednisolone 1mg tablets (Alliance Healthcare (Distribution) Ltd)"
"42086811000001106","9807711000001108","Prednisolone 1mg tablets","Prednisolone","Prednisolone 1mg tablets (Almus Pharmaceuticals Ltd)"
"42086811000001106","10409611000001103","Prednisolone 1mg tablets","Prednisolone","Prednisolone 1mg tablets (Arrow Generics Ltd)"
"42086811000001106","13245311000001104","Prednisolone 1mg tablets","Prednisolone","Prednisolone 1mg tablets (Dowelhurst Ltd)"
"42086811000001106","14786411000001103","Prednisolone 1mg tablets","Prednisolone","Prednisolone 1mg tablets (Boston Healthcare Ltd)"
"42086811000001106","15175511000001102","Prednisolone 1mg tablets","Prednisolone","Prednisolone 1mg tablets (Sigma Pharmaceuticals Plc)"
"42086811000001106","18285011000001109","Prednisolone 1mg tablets","Prednisolone","Prednisolone 1mg tablets (Strides Pharma UK Ltd)"
"42086811000001106","21851211000001107","Prednisolone 1mg tablets","Prednisolone","Prednisolone 1mg tablets (Waymade Healthcare Plc)"
"42086811000001106","30114811000001104","Prednisolone 1mg tablets","Prednisolone","Prednisolone 1mg tablets (DE Pharmaceuticals)"
"42086811000001106","30858911000001100","Prednisolone 1mg tablets","Prednisolone","Prednisolone 1mg tablets (Mawdsley-Brooks & Company Ltd)"
"42086811000001106","32807911000001101","Prednisolone 1mg tablets","Prednisolone","Prednisolone 1mg tablets (Genesis Pharmaceuticals Ltd)"
"42086811000001106","39169011000001106","Prednisolone 1mg tablets","Prednisolone","Prednisolone 1mg tablets (Medihealth (Northern) Ltd)"
"42086811000001106","41991511000001108","Prednisolone 1mg tablets","Prednisolone","Prednisolone 1mg tablets (Bristol Laboratories Ltd)"
"42087311000001104","876911000001107","Prednisolone 5mg tablets","Prednisolone","Prednisolone 5mg tablets (A A H Pharmaceuticals Ltd)"
"42087311000001104","85511000001101","Prednisolone 5mg tablets","Prednisolone","Prednisolone 5mg tablets (Accord-UK Ltd)"
"42087311000001104","110811000001100","Prednisolone 5mg tablets","Prednisolone","Prednisolone 5mg tablets (Teva UK Ltd)"
"42087311000001104","86711000001103","Prednisolone 5mg tablets","Prednisolone","Prednisolone 5mg tablets (The Boots Company Plc)"
"42087311000001104","940311000001100","Prednisolone 5mg tablets","Prednisolone","Prednisolone 5mg tablets (Wockhardt UK Ltd)"
"42087311000001104","350611000001104","Prednisolone 5mg tablets","Prednisolone","Prednisolone 5mg tablets (Kent Pharma (UK) Ltd)"
"42087311000001104","772111000001107","Prednisolone 5mg tablets","Prednisolone","Prednisolone 5mg tablets (Alliance Healthcare (Distribution) Ltd)"
"42087311000001104","9807911000001105","Prednisolone 5mg tablets","Prednisolone","Prednisolone 5mg tablets (Almus Pharmaceuticals Ltd)"
"42087311000001104","10410111000001103","Prednisolone 5mg tablets","Prednisolone","Prednisolone 5mg tablets (Arrow Generics Ltd)"
"42087311000001104","13245511000001105","Prednisolone 5mg tablets","Prednisolone","Prednisolone 5mg tablets (Dowelhurst Ltd)"
"42087311000001104","14786811000001101","Prednisolone 5mg tablets","Prednisolone","Prednisolone 5mg tablets (Boston Healthcare Ltd)"
"42087311000001104","18285211000001104","Prednisolone 5mg tablets","Prednisolone","Prednisolone 5mg tablets (Strides Pharma UK Ltd)"
"42087311000001104","18625211000001107","Prednisolone 5mg tablets","Prednisolone","Prednisolone 5mg tablets (Phoenix Healthcare Distribution Ltd)"
"42087311000001104","21851411000001106","Prednisolone 5mg tablets","Prednisolone","Prednisolone 5mg tablets (Waymade Healthcare Plc)"
"42087311000001104","28799011000001102","Prednisolone 5mg tablets","Prednisolone","Pevanti 5mg tablets (Advanz Pharma)"
"42087311000001104","30115011000001109","Prednisolone 5mg tablets","Prednisolone","Prednisolone 5mg tablets (DE Pharmaceuticals)"
"42087311000001104","30859111000001105","Prednisolone 5mg tablets","Prednisolone","Prednisolone 5mg tablets (Mawdsley-Brooks & Company Ltd)"
"42087311000001104","32808311000001101","Prednisolone 5mg tablets","Prednisolone","Prednisolone 5mg tablets (Genesis Pharmaceuticals Ltd)"
"42087311000001104","38721711000001107","Prednisolone 5mg tablets","Prednisolone","Prednisolone 5mg tablets (NorthStar Healthcare Unlimited Company)"
"42087311000001104","40021511000001101","Prednisolone 5mg tablets","Prednisolone","Prednisolone 5mg tablets (Relonchem Ltd)"
"42087311000001104","41581311000001106","Prednisolone 5mg tablets","Prednisolone","Prednisolone 5mg tablets (Bristol Laboratories Ltd)"
"42086911000001101","858811000001104","Prednisolone 2.5mg gastro-resistant tablets","Prednisolone","Prednisolone 2.5mg gastro-resistant tablets (A A H Pharmaceuticals Ltd)"
"42086911000001101","380011000001100","Prednisolone 2.5mg gastro-resistant tablets","Prednisolone","Prednisolone 2.5mg gastro-resistant tablets (Accord-UK Ltd)"
"42086911000001101","685311000001104","Prednisolone 2.5mg gastro-resistant tablets","Prednisolone","Prednisolone 2.5mg gastro-resistant tablets (Kent Pharma (UK) Ltd)"
"42086911000001101","459611000001100","Prednisolone 2.5mg gastro-resistant tablets","Prednisolone","Deltacortril 2.5mg gastro-resistant tablets (Phoenix Labs Ltd)"
"42086911000001101","779211000001109","Prednisolone 2.5mg gastro-resistant tablets","Prednisolone","Prednisolone 2.5mg gastro-resistant tablets (Alliance Healthcare (Distribution) Ltd)"
"42086911000001101","4208511000001105","Prednisolone 2.5mg gastro-resistant tablets","Prednisolone","Prednisolone 2.5mg gastro-resistant tablets (Approved Prescription Services Ltd)"
"42086911000001101","13245711000001100","Prednisolone 2.5mg gastro-resistant tablets","Prednisolone","Prednisolone 2.5mg gastro-resistant tablets (Dowelhurst Ltd)"
"42086911000001101","15175711000001107","Prednisolone 2.5mg gastro-resistant tablets","Prednisolone","Prednisolone 2.5mg gastro-resistant tablets (Sigma Pharmaceuticals Plc)"
"42086911000001101","17916411000001100","Prednisolone 2.5mg gastro-resistant tablets","Prednisolone","Prednisolone 2.5mg gastro-resistant tablets (Phoenix Healthcare Distribution Ltd)"
"42086911000001101","17999311000001104","Prednisolone 2.5mg gastro-resistant tablets","Prednisolone","Prednisolone 2.5mg gastro-resistant tablets (Phoenix Labs Ltd)"
"42086911000001101","18307011000001109","Prednisolone 2.5mg gastro-resistant tablets","Prednisolone","Prednisolone 2.5mg gastro-resistant tablets (Teva UK Ltd)"
"42086911000001101","19743011000001109","Prednisolone 2.5mg gastro-resistant tablets","Prednisolone","Prednisolone 2.5mg gastro-resistant tablets (Almus Pharmaceuticals Ltd)"
"42086911000001101","22452711000001102","Prednisolone 2.5mg gastro-resistant tablets","Prednisolone","Prednisolone 2.5mg gastro-resistant tablets (Waymade Healthcare Plc)"
"42086911000001101","22519711000001105","Prednisolone 2.5mg gastro-resistant tablets","Prednisolone","Dilacort 2.5mg gastro-resistant tablets (Auden McKenzie (Pharma Division) Ltd)"
"42086911000001101","30114011000001105","Prednisolone 2.5mg gastro-resistant tablets","Prednisolone","Prednisolone 2.5mg gastro-resistant tablets (DE Pharmaceuticals)"
"42086911000001101","32652311000001103","Prednisolone 2.5mg gastro-resistant tablets","Prednisolone","Dilacort 2.5mg gastro-resistant tablets (Crescent Pharma Ltd)"
"42086911000001101","33577711000001104","Prednisolone 2.5mg gastro-resistant tablets","Prednisolone","Dilacort 2.5mg gastro-resistant tablets (Teva UK Ltd)"
"42086911000001101","36568211000001107","Prednisolone 2.5mg gastro-resistant tablets","Prednisolone","Prednisolone 2.5mg gastro-resistant tablets (Bristol Laboratories Ltd)"
"42086911000001101","37130211000001109","Prednisolone 2.5mg gastro-resistant tablets","Prednisolone","Prednisolone 2.5mg gastro-resistant tablets (Mawdsley-Brooks & Company Ltd)"
"42086911000001101","39300111000001105","Prednisolone 2.5mg gastro-resistant tablets","Prednisolone","Prednisolone 2.5mg gastro-resistant tablets (Medihealth (Northern) Ltd)"
"39722711000001103","245011000001108","Prednisolone 5mg soluble tablets","Prednisolone","Prednisolone 5mg soluble tablets (A A H Pharmaceuticals Ltd)"
"39722711000001103","157711000001100","Prednisolone 5mg soluble tablets","Prednisolone","Prednisolone 5mg soluble tablets (Alliance Healthcare (Distribution) Ltd)"
"39722711000001103","392511000001108","Prednisolone 5mg soluble tablets","Prednisolone","Prednisolone 5mg soluble tablets (Advanz Pharma)"
"39722711000001103","15172311000001102","Prednisolone 5mg soluble tablets","Prednisolone","Prednisolone 5mg soluble tablets (Sigma Pharmaceuticals Plc)"
"39722711000001103","28937511000001104","Prednisolone 5mg soluble tablets","Prednisolone","Prednisolone 5mg soluble tablets (Focus Pharmaceuticals Ltd)"
"39722711000001103","30114611000001103","Prednisolone 5mg soluble tablets","Prednisolone","Prednisolone 5mg soluble tablets (DE Pharmaceuticals)"
"39722711000001103","34035411000001102","Prednisolone 5mg soluble tablets","Prednisolone","Prednisolone 5mg soluble tablets (Accord-UK Ltd)"
"39722711000001103","34172711000001106","Prednisolone 5mg soluble tablets","Prednisolone","Prednisolone 5mg soluble tablets (Phoenix Labs Ltd)"
"39722711000001103","37727411000001103","Prednisolone 5mg soluble tablets","Prednisolone","Prednisolone 5mg soluble tablets (Pilsco Ltd)"
"39722711000001103","39179711000001104","Prednisolone 5mg soluble tablets","Prednisolone","Prednisolone 5mg soluble tablets (Medihealth (Northern) Ltd)"
